<?xml version="1.0" encoding="UTF-8"?>
<idempiere Name="org.tgi.limit-concurrent-session" Version="1" idempiereVersion="" DataBaseVersion="" Description="What is added :&#10; - AD_Client.IsLimitConcurrentSessions : to activate the functionnality&#10; - AD_Client.MaxConcurrentSessions : maximum sessions for the current client&#10; - AD_Client.ConcurrentSessionsMsg_ID : message displayed when user can't login&#10; - AD_User, AD_Role, AD_Org : IsDontCountMeInConcurrSessions : allow to set the record to be not taken in consideration for checking limit of concurrent sessions&#10; &#10;How does it works ?&#10;After the user is logged, the plugin checks if the maximum number of session is reached (using IEventTopics.AFTER_LOGIN).&#10;If yes, a message is displayed and the user returns to the login page." Author="" AuthorEmail="nmicoud@tgi.fr" CreatedDate="2014-04-11 09:07:03.0" UpdatedDate="2014-04-11 09:07:30.0" PackOutVersion="100" UpdateDictionary="false" Client="0-SYSTEM-System" AD_Client_UU="11237b53-9592-4af1-b3c5-afd216514b5d">
    <AD_EntityType type="table">
        <AD_Client_ID>0</AD_Client_ID>
        <AD_Org_ID>0</AD_Org_ID>
        <AD_EntityType_UU>4876fa9c-f797-451d-a679-269ad6e85968</AD_EntityType_UU>
        <Classpath/>
        <Description/>
        <EntityType>TGI</EntityType>
        <Help>nmicoud@tgi.fr</Help>
        <IsActive>true</IsActive>
        <ModelPackage/>
        <Name>T.G.I.</Name>
        <Processing>false</Processing>
        <Version/>
    </AD_EntityType>
    <AD_Element type="table">
        <AD_Client_ID>0</AD_Client_ID>
        <AD_Org_ID>0</AD_Org_ID>
        <AD_Element_UU>55cda26d-1950-494f-bb05-39814be1c16e</AD_Element_UU>
        <ColumnName>IsLimitConcurrentSessions</ColumnName>
        <Description>If activated, you will be able to control how many users can be connected simultaneously</Description>
        <EntityType>TGI</EntityType>
        <Help/>
        <IsActive>true</IsActive>
        <Name>Limit number of concurrent sessions</Name>
        <PO_Description/>
        <PO_Help/>
        <PO_Name/>
        <PO_PrintName/>
        <PrintName trim="false">Limit number of concurrent sessions</PrintName>
        <AD_Element_Trl type="translation">
            <Description>If activated, you will be able to control how many users can be connected simultaneously</Description>
            <Help/>
            <Name>Limit number of concurrent sessions</Name>
            <PO_Description/>
            <PO_Help/>
            <PO_Name/>
            <PO_PrintName/>
            <PrintName trim="false">Limit number of concurrent sessions</PrintName>
            <AD_Language>es_ES</AD_Language>
            <IsActive>true</IsActive>
            <IsTranslated>false</IsTranslated>
        </AD_Element_Trl>
        <AD_Element_Trl type="translation">
            <Description>If activated, you will be able to control how many users can be connected simultaneously</Description>
            <Help/>
            <Name>Limit number of concurrent sessions</Name>
            <PO_Description/>
            <PO_Help/>
            <PO_Name/>
            <PO_PrintName/>
            <PrintName trim="false">Limit number of concurrent sessions</PrintName>
            <AD_Language>fr_FR</AD_Language>
            <IsActive>true</IsActive>
            <IsTranslated>false</IsTranslated>
        </AD_Element_Trl>
        <AD_Element_Trl type="translation">
            <Description>If activated, you will be able to control how many users can be connected simultaneously</Description>
            <Help/>
            <Name>Limit number of concurrent sessions</Name>
            <PO_Description/>
            <PO_Help/>
            <PO_Name/>
            <PO_PrintName/>
            <PrintName trim="false">Limit number of concurrent sessions</PrintName>
            <AD_Language>it_IT</AD_Language>
            <IsActive>true</IsActive>
            <IsTranslated>false</IsTranslated>
        </AD_Element_Trl>
    </AD_Element>
    <AD_Column type="table">
        <IsSyncDatabase>Y</IsSyncDatabase>
        <AD_Table_ID reference="id">112</AD_Table_ID>
        <AD_Reference_Value_ID reference="id"/>
        <AD_Client_ID>0</AD_Client_ID>
        <AD_Org_ID>0</AD_Org_ID>
        <AD_Chart_ID reference="id"/>
        <AD_Column_UU>15098980-b027-4653-8c44-5656e08b4457</AD_Column_UU>
        <AD_Element_ID reference="uuid" reference-key="AD_Element">55cda26d-1950-494f-bb05-39814be1c16e</AD_Element_ID>
        <AD_Process_ID reference="id"/>
        <AD_Reference_ID reference="id">20</AD_Reference_ID>
        <AD_Val_Rule_ID reference="id"/>
        <Callout/>
        <ColumnName>IsLimitConcurrentSessions</ColumnName>
        <ColumnSQL/>
        <DefaultValue>N</DefaultValue>
        <Description>If activated, you will be able to control how many users can be connected simultaneously</Description>
        <EntityType>TGI</EntityType>
        <FKConstraintName/>
        <FKConstraintType>N</FKConstraintType>
        <FieldLength>1</FieldLength>
        <FormatPattern/>
        <Help/>
        <IsActive>true</IsActive>
        <IsAllowCopy>true</IsAllowCopy>
        <IsAllowLogging>true</IsAllowLogging>
        <IsAlwaysUpdateable>false</IsAlwaysUpdateable>
        <IsAutocomplete>false</IsAutocomplete>
        <IsEncrypted>N</IsEncrypted>
        <IsIdentifier>false</IsIdentifier>
        <IsKey>false</IsKey>
        <IsMandatory>true</IsMandatory>
        <IsParent>false</IsParent>
        <IsSecure>false</IsSecure>
        <IsSelectionColumn>false</IsSelectionColumn>
        <IsToolbarButton>false</IsToolbarButton>
        <IsTranslated>false</IsTranslated>
        <IsUpdateable>true</IsUpdateable>
        <MandatoryLogic/>
        <Name>Limit number of concurrent sessions</Name>
        <ReadOnlyLogic/>
        <SeqNo>0</SeqNo>
        <SeqNoSelection>0</SeqNoSelection>
        <VFormat/>
        <ValueMax/>
        <ValueMin/>
        <Version>0</Version>
    </AD_Column>
    <AD_Element type="table">
        <AD_Client_ID>0</AD_Client_ID>
        <AD_Org_ID>0</AD_Org_ID>
        <AD_Element_UU>87185aa4-35d2-49de-8712-12ed6674af51</AD_Element_UU>
        <ColumnName>MaxConcurrentSessions</ColumnName>
        <Description/>
        <EntityType>TGI</EntityType>
        <Help/>
        <IsActive>true</IsActive>
        <Name>Maximum concurrent sessions</Name>
        <PO_Description/>
        <PO_Help/>
        <PO_Name/>
        <PO_PrintName/>
        <PrintName trim="false">Maximum concurrent sessions</PrintName>
        <AD_Element_Trl type="translation">
            <Description/>
            <Help/>
            <Name>Maximum concurrent sessions</Name>
            <PO_Description/>
            <PO_Help/>
            <PO_Name/>
            <PO_PrintName/>
            <PrintName trim="false">Maximum concurrent sessions</PrintName>
            <AD_Language>es_ES</AD_Language>
            <IsActive>true</IsActive>
            <IsTranslated>false</IsTranslated>
        </AD_Element_Trl>
        <AD_Element_Trl type="translation">
            <Description/>
            <Help/>
            <Name>Maximum concurrent sessions</Name>
            <PO_Description/>
            <PO_Help/>
            <PO_Name/>
            <PO_PrintName/>
            <PrintName trim="false">Maximum concurrent sessions</PrintName>
            <AD_Language>fr_FR</AD_Language>
            <IsActive>true</IsActive>
            <IsTranslated>false</IsTranslated>
        </AD_Element_Trl>
        <AD_Element_Trl type="translation">
            <Description/>
            <Help/>
            <Name>Maximum concurrent sessions</Name>
            <PO_Description/>
            <PO_Help/>
            <PO_Name/>
            <PO_PrintName/>
            <PrintName trim="false">Maximum concurrent sessions</PrintName>
            <AD_Language>it_IT</AD_Language>
            <IsActive>true</IsActive>
            <IsTranslated>false</IsTranslated>
        </AD_Element_Trl>
    </AD_Element>
    <AD_Column type="table">
        <IsSyncDatabase>Y</IsSyncDatabase>
        <AD_Table_ID reference="id">112</AD_Table_ID>
        <AD_Reference_Value_ID reference="id"/>
        <AD_Client_ID>0</AD_Client_ID>
        <AD_Org_ID>0</AD_Org_ID>
        <AD_Chart_ID reference="id"/>
        <AD_Column_UU>ece26247-eee0-47ac-82ab-bb3c72238a2c</AD_Column_UU>
        <AD_Element_ID reference="uuid" reference-key="AD_Element">87185aa4-35d2-49de-8712-12ed6674af51</AD_Element_ID>
        <AD_Process_ID reference="id"/>
        <AD_Reference_ID reference="id">11</AD_Reference_ID>
        <AD_Val_Rule_ID reference="id"/>
        <Callout/>
        <ColumnName>MaxConcurrentSessions</ColumnName>
        <ColumnSQL/>
        <DefaultValue/>
        <Description/>
        <EntityType>TGI</EntityType>
        <FKConstraintName/>
        <FKConstraintType>N</FKConstraintType>
        <FieldLength>10</FieldLength>
        <FormatPattern/>
        <Help/>
        <IsActive>true</IsActive>
        <IsAllowCopy>true</IsAllowCopy>
        <IsAllowLogging>true</IsAllowLogging>
        <IsAlwaysUpdateable>false</IsAlwaysUpdateable>
        <IsAutocomplete>false</IsAutocomplete>
        <IsEncrypted>N</IsEncrypted>
        <IsIdentifier>false</IsIdentifier>
        <IsKey>false</IsKey>
        <IsMandatory>false</IsMandatory>
        <IsParent>false</IsParent>
        <IsSecure>false</IsSecure>
        <IsSelectionColumn>false</IsSelectionColumn>
        <IsToolbarButton>false</IsToolbarButton>
        <IsTranslated>false</IsTranslated>
        <IsUpdateable>true</IsUpdateable>
        <MandatoryLogic/>
        <Name>Maximum concurrent sessions</Name>
        <ReadOnlyLogic/>
        <SeqNo>0</SeqNo>
        <SeqNoSelection>0</SeqNoSelection>
        <VFormat/>
        <ValueMax/>
        <ValueMin/>
        <Version>0</Version>
    </AD_Column>
    <AD_Element type="table">
        <AD_Client_ID>0</AD_Client_ID>
        <AD_Org_ID>0</AD_Org_ID>
        <AD_Element_UU>51a17b30-94d2-4264-937b-ea23b3ddf23c</AD_Element_UU>
        <ColumnName>ConcurrentSessionsMsg_ID</ColumnName>
        <Description/>
        <EntityType>TGI</EntityType>
        <Help/>
        <IsActive>true</IsActive>
        <Name>Message when the limit is exceeded</Name>
        <PO_Description/>
        <PO_Help/>
        <PO_Name/>
        <PO_PrintName/>
        <PrintName trim="false">Message when the limit is exceeded</PrintName>
        <AD_Element_Trl type="translation">
            <Description/>
            <Help/>
            <Name>Message when the limit is exceeded</Name>
            <PO_Description/>
            <PO_Help/>
            <PO_Name/>
            <PO_PrintName/>
            <PrintName trim="false">Message when the limit is exceeded</PrintName>
            <AD_Language>es_ES</AD_Language>
            <IsActive>true</IsActive>
            <IsTranslated>false</IsTranslated>
        </AD_Element_Trl>
        <AD_Element_Trl type="translation">
            <Description/>
            <Help/>
            <Name>Message when the limit is exceeded</Name>
            <PO_Description/>
            <PO_Help/>
            <PO_Name/>
            <PO_PrintName/>
            <PrintName trim="false">Message when the limit is exceeded</PrintName>
            <AD_Language>fr_FR</AD_Language>
            <IsActive>true</IsActive>
            <IsTranslated>false</IsTranslated>
        </AD_Element_Trl>
        <AD_Element_Trl type="translation">
            <Description/>
            <Help/>
            <Name>Message when the limit is exceeded</Name>
            <PO_Description/>
            <PO_Help/>
            <PO_Name/>
            <PO_PrintName/>
            <PrintName trim="false">Message when the limit is exceeded</PrintName>
            <AD_Language>it_IT</AD_Language>
            <IsActive>true</IsActive>
            <IsTranslated>false</IsTranslated>
        </AD_Element_Trl>
    </AD_Element>
    <AD_Column type="table">
        <IsSyncDatabase>Y</IsSyncDatabase>
        <AD_Table_ID reference="id">112</AD_Table_ID>
        <AD_Reference_Value_ID reference="id">102</AD_Reference_Value_ID>
        <AD_Client_ID>0</AD_Client_ID>
        <AD_Org_ID>0</AD_Org_ID>
        <AD_Chart_ID reference="id"/>
        <AD_Column_UU>8c7e0736-acc8-4c26-a0bb-3bed3228bdc7</AD_Column_UU>
        <AD_Element_ID reference="uuid" reference-key="AD_Element">51a17b30-94d2-4264-937b-ea23b3ddf23c</AD_Element_ID>
        <AD_Process_ID reference="id"/>
        <AD_Reference_ID reference="id">18</AD_Reference_ID>
        <AD_Val_Rule_ID reference="id"/>
        <Callout/>
        <ColumnName>ConcurrentSessionsMsg_ID</ColumnName>
        <ColumnSQL/>
        <DefaultValue/>
        <Description/>
        <EntityType>U</EntityType>
        <FKConstraintName>ConcurrentSessionsMsg_ADClient</FKConstraintName>
        <FKConstraintType>N</FKConstraintType>
        <FieldLength>22</FieldLength>
        <FormatPattern/>
        <Help/>
        <IsActive>true</IsActive>
        <IsAllowCopy>true</IsAllowCopy>
        <IsAllowLogging>true</IsAllowLogging>
        <IsAlwaysUpdateable>false</IsAlwaysUpdateable>
        <IsAutocomplete>false</IsAutocomplete>
        <IsEncrypted>N</IsEncrypted>
        <IsIdentifier>false</IsIdentifier>
        <IsKey>false</IsKey>
        <IsMandatory>false</IsMandatory>
        <IsParent>false</IsParent>
        <IsSecure>false</IsSecure>
        <IsSelectionColumn>false</IsSelectionColumn>
        <IsToolbarButton>false</IsToolbarButton>
        <IsTranslated>false</IsTranslated>
        <IsUpdateable>true</IsUpdateable>
        <MandatoryLogic/>
        <Name>Message when the limit is exceeded</Name>
        <ReadOnlyLogic/>
        <SeqNo>0</SeqNo>
        <SeqNoSelection>0</SeqNoSelection>
        <VFormat/>
        <ValueMax/>
        <ValueMin/>
        <Version>0</Version>
    </AD_Column>
    <AD_FieldGroup type="table">
        <AD_Client_ID>0</AD_Client_ID>
        <AD_Org_ID>0</AD_Org_ID>
        <AD_FieldGroup_UU>84e13ed5-20c7-4abe-a73e-252ca789acb9</AD_FieldGroup_UU>
        <EntityType>TGI</EntityType>
        <FieldGroupType>C</FieldGroupType>
        <IsActive>true</IsActive>
        <IsCollapsedByDefault>true</IsCollapsedByDefault>
        <Name>Limit concurrent sessions</Name>
        <AD_FieldGroup_Trl type="translation">
            <Name>Limit concurrent sessions</Name>
            <AD_Language>es_ES</AD_Language>
            <IsActive>true</IsActive>
            <IsTranslated>false</IsTranslated>
        </AD_FieldGroup_Trl>
        <AD_FieldGroup_Trl type="translation">
            <Name>Limit concurrent sessions</Name>
            <AD_Language>fr_FR</AD_Language>
            <IsActive>true</IsActive>
            <IsTranslated>false</IsTranslated>
        </AD_FieldGroup_Trl>
        <AD_FieldGroup_Trl type="translation">
            <Name>Limit concurrent sessions</Name>
            <AD_Language>it_IT</AD_Language>
            <IsActive>true</IsActive>
            <IsTranslated>false</IsTranslated>
        </AD_FieldGroup_Trl>
    </AD_FieldGroup>
    <AD_Field type="table">
        <AD_Client_ID>0</AD_Client_ID>
        <AD_Org_ID>0</AD_Org_ID>
        <AD_Column_ID reference="uuid" reference-key="AD_Column">15098980-b027-4653-8c44-5656e08b4457</AD_Column_ID>
        <AD_FieldGroup_ID reference="uuid" reference-key="AD_FieldGroup">84e13ed5-20c7-4abe-a73e-252ca789acb9</AD_FieldGroup_ID>
        <AD_Field_UU>164d9f3d-fd87-43fd-8d22-63837464eb83</AD_Field_UU>
        <AD_Reference_ID reference="id"/>
        <AD_Reference_Value_ID reference="id"/>
        <AD_Tab_ID reference="id">145</AD_Tab_ID>
        <AD_Val_Rule_ID reference="id"/>
        <ColumnSpan>2</ColumnSpan>
        <DefaultValue/>
        <Description>If activated, you will be able to control how many users can be connected simultaneously</Description>
        <DisplayLength>1</DisplayLength>
        <DisplayLogic/>
        <EntityType>TGI</EntityType>
        <Help/>
        <Included_Tab_ID reference="id"/>
        <IsActive>true</IsActive>
        <IsAdvancedField>true</IsAdvancedField>
        <IsAllowCopy/>
        <IsAlwaysUpdateable/>
        <IsCentrallyMaintained>true</IsCentrallyMaintained>
        <IsDefaultFocus>false</IsDefaultFocus>
        <IsDisplayed>true</IsDisplayed>
        <IsDisplayedGrid>true</IsDisplayedGrid>
        <IsEncrypted>false</IsEncrypted>
        <IsFieldOnly>false</IsFieldOnly>
        <IsHeading>false</IsHeading>
        <IsMandatory/>
        <IsQuickEntry>false</IsQuickEntry>
        <IsReadOnly>false</IsReadOnly>
        <IsSameLine>false</IsSameLine>
        <IsToolbarButton/>
        <IsUpdateable/>
        <MandatoryLogic/>
        <Name>Limit number of concurrent sessions</Name>
        <NumLines>1</NumLines>
        <ObscureType/>
        <ReadOnlyLogic/>
        <SeqNo>240</SeqNo>
        <SeqNoGrid/>
        <SortNo/>
        <XPosition>2</XPosition>
        <AD_Field_Trl type="translation">
            <Description>If activated, you will be able to control how many users can be connected simultaneously</Description>
            <Help/>
            <Name>Limit number of concurrent sessions</Name>
            <AD_Language>es_ES</AD_Language>
            <IsActive>true</IsActive>
            <IsTranslated>false</IsTranslated>
        </AD_Field_Trl>
        <AD_Field_Trl type="translation">
            <Description>If activated, you will be able to control how many users can be connected simultaneously</Description>
            <Help/>
            <Name>Limit number of concurrent sessions</Name>
            <AD_Language>fr_FR</AD_Language>
            <IsActive>true</IsActive>
            <IsTranslated>false</IsTranslated>
        </AD_Field_Trl>
        <AD_Field_Trl type="translation">
            <Description>If activated, you will be able to control how many users can be connected simultaneously</Description>
            <Help/>
            <Name>Limit number of concurrent sessions</Name>
            <AD_Language>it_IT</AD_Language>
            <IsActive>true</IsActive>
            <IsTranslated>false</IsTranslated>
        </AD_Field_Trl>
    </AD_Field>
    <AD_Field type="table">
        <AD_Client_ID>0</AD_Client_ID>
        <AD_Org_ID>0</AD_Org_ID>
        <AD_Column_ID reference="uuid" reference-key="AD_Column">ece26247-eee0-47ac-82ab-bb3c72238a2c</AD_Column_ID>
        <AD_FieldGroup_ID reference="uuid" reference-key="AD_FieldGroup">84e13ed5-20c7-4abe-a73e-252ca789acb9</AD_FieldGroup_ID>
        <AD_Field_UU>e3d12708-2a5b-44d0-9987-c416a34ea422</AD_Field_UU>
        <AD_Reference_ID reference="id"/>
        <AD_Reference_Value_ID reference="id"/>
        <AD_Tab_ID reference="id">145</AD_Tab_ID>
        <AD_Val_Rule_ID reference="id"/>
        <ColumnSpan>2</ColumnSpan>
        <DefaultValue/>
        <Description/>
        <DisplayLength>10</DisplayLength>
        <DisplayLogic>@IsLimitConcurrentSessions@=Y</DisplayLogic>
        <EntityType>TGI</EntityType>
        <Help/>
        <Included_Tab_ID reference="id"/>
        <IsActive>true</IsActive>
        <IsAdvancedField>true</IsAdvancedField>
        <IsAllowCopy/>
        <IsAlwaysUpdateable/>
        <IsCentrallyMaintained>true</IsCentrallyMaintained>
        <IsDefaultFocus>false</IsDefaultFocus>
        <IsDisplayed>true</IsDisplayed>
        <IsDisplayedGrid>true</IsDisplayedGrid>
        <IsEncrypted>false</IsEncrypted>
        <IsFieldOnly>false</IsFieldOnly>
        <IsHeading>false</IsHeading>
        <IsMandatory/>
        <IsQuickEntry>false</IsQuickEntry>
        <IsReadOnly>false</IsReadOnly>
        <IsSameLine>false</IsSameLine>
        <IsToolbarButton/>
        <IsUpdateable/>
        <MandatoryLogic/>
        <Name>Maximum concurrent sessions</Name>
        <NumLines>1</NumLines>
        <ObscureType/>
        <ReadOnlyLogic/>
        <SeqNo>250</SeqNo>
        <SeqNoGrid/>
        <SortNo/>
        <XPosition>1</XPosition>
        <AD_Field_Trl type="translation">
            <Description/>
            <Help/>
            <Name>Maximum concurrent sessions</Name>
            <AD_Language>es_ES</AD_Language>
            <IsActive>true</IsActive>
            <IsTranslated>false</IsTranslated>
        </AD_Field_Trl>
        <AD_Field_Trl type="translation">
            <Description/>
            <Help/>
            <Name>Maximum concurrent sessions</Name>
            <AD_Language>fr_FR</AD_Language>
            <IsActive>true</IsActive>
            <IsTranslated>false</IsTranslated>
        </AD_Field_Trl>
        <AD_Field_Trl type="translation">
            <Description/>
            <Help/>
            <Name>Maximum concurrent sessions</Name>
            <AD_Language>it_IT</AD_Language>
            <IsActive>true</IsActive>
            <IsTranslated>false</IsTranslated>
        </AD_Field_Trl>
    </AD_Field>
    <AD_Field type="table">
        <AD_Client_ID>0</AD_Client_ID>
        <AD_Org_ID>0</AD_Org_ID>
        <AD_Column_ID reference="uuid" reference-key="AD_Column">8c7e0736-acc8-4c26-a0bb-3bed3228bdc7</AD_Column_ID>
        <AD_FieldGroup_ID reference="uuid" reference-key="AD_FieldGroup">84e13ed5-20c7-4abe-a73e-252ca789acb9</AD_FieldGroup_ID>
        <AD_Field_UU>f7e0ecd9-0cb9-4b06-b088-d3034860de6b</AD_Field_UU>
        <AD_Reference_ID reference="id"/>
        <AD_Reference_Value_ID reference="id"/>
        <AD_Tab_ID reference="id">145</AD_Tab_ID>
        <AD_Val_Rule_ID reference="id"/>
        <ColumnSpan>2</ColumnSpan>
        <DefaultValue/>
        <Description/>
        <DisplayLength>22</DisplayLength>
        <DisplayLogic>@IsLimitConcurrentSessions@=Y</DisplayLogic>
        <EntityType>U</EntityType>
        <Help/>
        <Included_Tab_ID reference="id"/>
        <IsActive>true</IsActive>
        <IsAdvancedField>true</IsAdvancedField>
        <IsAllowCopy/>
        <IsAlwaysUpdateable/>
        <IsCentrallyMaintained>true</IsCentrallyMaintained>
        <IsDefaultFocus>false</IsDefaultFocus>
        <IsDisplayed>true</IsDisplayed>
        <IsDisplayedGrid>true</IsDisplayedGrid>
        <IsEncrypted>false</IsEncrypted>
        <IsFieldOnly>false</IsFieldOnly>
        <IsHeading>false</IsHeading>
        <IsMandatory>Y</IsMandatory>
        <IsQuickEntry>false</IsQuickEntry>
        <IsReadOnly>false</IsReadOnly>
        <IsSameLine>true</IsSameLine>
        <IsToolbarButton/>
        <IsUpdateable/>
        <MandatoryLogic/>
        <Name>Message when the limit is exceeded</Name>
        <NumLines>1</NumLines>
        <ObscureType/>
        <ReadOnlyLogic/>
        <SeqNo>260</SeqNo>
        <SeqNoGrid/>
        <SortNo/>
        <XPosition>4</XPosition>
        <AD_Field_Trl type="translation">
            <Description/>
            <Help/>
            <Name>Message when the limit is exceeded</Name>
            <AD_Language>es_ES</AD_Language>
            <IsActive>true</IsActive>
            <IsTranslated>false</IsTranslated>
        </AD_Field_Trl>
        <AD_Field_Trl type="translation">
            <Description/>
            <Help/>
            <Name>Message when the limit is exceeded</Name>
            <AD_Language>fr_FR</AD_Language>
            <IsActive>true</IsActive>
            <IsTranslated>false</IsTranslated>
        </AD_Field_Trl>
        <AD_Field_Trl type="translation">
            <Description/>
            <Help/>
            <Name>Message when the limit is exceeded</Name>
            <AD_Language>it_IT</AD_Language>
            <IsActive>true</IsActive>
            <IsTranslated>false</IsTranslated>
        </AD_Field_Trl>
    </AD_Field>
    <AD_Element type="table">
        <AD_Client_ID>0</AD_Client_ID>
        <AD_Org_ID>0</AD_Org_ID>
        <AD_Element_UU>a1505ed6-ad74-47ef-8ffd-5115239b2206</AD_Element_UU>
        <ColumnName>IsDontCountMeInConcurrSessions</ColumnName>
        <Description>If you tick this checkbox, the record (user, role, org) won't be taken in consideration for checking limit of concurrent sessions</Description>
        <EntityType>TGI</EntityType>
        <Help/>
        <IsActive>true</IsActive>
        <Name>Don't count me in concurrent sessions</Name>
        <PO_Description/>
        <PO_Help/>
        <PO_Name/>
        <PO_PrintName/>
        <PrintName trim="false">Don't count me in concurrent sessions</PrintName>
        <AD_Element_Trl type="translation">
            <Description/>
            <Help/>
            <Name>Don't count me in concurrent sessions</Name>
            <PO_Description/>
            <PO_Help/>
            <PO_Name/>
            <PO_PrintName/>
            <PrintName trim="false">Don't count me in concurrent sessions</PrintName>
            <AD_Language>es_ES</AD_Language>
            <IsActive>true</IsActive>
            <IsTranslated>false</IsTranslated>
        </AD_Element_Trl>
        <AD_Element_Trl type="translation">
            <Description/>
            <Help/>
            <Name>Don't count me in concurrent sessions</Name>
            <PO_Description/>
            <PO_Help/>
            <PO_Name/>
            <PO_PrintName/>
            <PrintName trim="false">Don't count me in concurrent sessions</PrintName>
            <AD_Language>fr_FR</AD_Language>
            <IsActive>true</IsActive>
            <IsTranslated>false</IsTranslated>
        </AD_Element_Trl>
        <AD_Element_Trl type="translation">
            <Description/>
            <Help/>
            <Name>Don't count me in concurrent sessions</Name>
            <PO_Description/>
            <PO_Help/>
            <PO_Name/>
            <PO_PrintName/>
            <PrintName trim="false">Don't count me in concurrent sessions</PrintName>
            <AD_Language>it_IT</AD_Language>
            <IsActive>true</IsActive>
            <IsTranslated>false</IsTranslated>
        </AD_Element_Trl>
    </AD_Element>
    <AD_Column type="table">
        <IsSyncDatabase>Y</IsSyncDatabase>
        <AD_Table_ID reference="id">155</AD_Table_ID>
        <AD_Reference_Value_ID reference="id"/>
        <AD_Client_ID>0</AD_Client_ID>
        <AD_Org_ID>0</AD_Org_ID>
        <AD_Chart_ID reference="id"/>
        <AD_Column_UU>a4590822-a834-4980-8db4-d00afdc801d7</AD_Column_UU>
        <AD_Element_ID reference="uuid" reference-key="AD_Element">a1505ed6-ad74-47ef-8ffd-5115239b2206</AD_Element_ID>
        <AD_Process_ID reference="id"/>
        <AD_Reference_ID reference="id">20</AD_Reference_ID>
        <AD_Val_Rule_ID reference="id"/>
        <Callout/>
        <ColumnName>IsDontCountMeInConcurrSessions</ColumnName>
        <ColumnSQL/>
        <DefaultValue>Y</DefaultValue>
        <Description>If you tick this checkbox, the record (user, role, org) won't be taken in consideration for checking limit of concurrent sessions</Description>
        <EntityType>TGI</EntityType>
        <FKConstraintName/>
        <FKConstraintType>N</FKConstraintType>
        <FieldLength>1</FieldLength>
        <FormatPattern/>
        <Help/>
        <IsActive>true</IsActive>
        <IsAllowCopy>true</IsAllowCopy>
        <IsAllowLogging>true</IsAllowLogging>
        <IsAlwaysUpdateable>false</IsAlwaysUpdateable>
        <IsAutocomplete>false</IsAutocomplete>
        <IsEncrypted>N</IsEncrypted>
        <IsIdentifier>false</IsIdentifier>
        <IsKey>false</IsKey>
        <IsMandatory>true</IsMandatory>
        <IsParent>false</IsParent>
        <IsSecure>false</IsSecure>
        <IsSelectionColumn>false</IsSelectionColumn>
        <IsToolbarButton>false</IsToolbarButton>
        <IsTranslated>false</IsTranslated>
        <IsUpdateable>true</IsUpdateable>
        <MandatoryLogic/>
        <Name>Don't count me in concurrent sessions</Name>
        <ReadOnlyLogic/>
        <SeqNo>0</SeqNo>
        <SeqNoSelection>0</SeqNoSelection>
        <VFormat/>
        <ValueMax/>
        <ValueMin/>
        <Version>0</Version>
    </AD_Column>
    <AD_Field type="table">
        <AD_Client_ID>0</AD_Client_ID>
        <AD_Org_ID>0</AD_Org_ID>
        <AD_Column_ID reference="uuid" reference-key="AD_Column">a4590822-a834-4980-8db4-d00afdc801d7</AD_Column_ID>
        <AD_FieldGroup_ID reference="id"/>
        <AD_Field_UU>6996640e-5ee6-4972-9c5b-35dc0739fee3</AD_Field_UU>
        <AD_Reference_ID reference="id"/>
        <AD_Reference_Value_ID reference="id"/>
        <AD_Tab_ID reference="id">143</AD_Tab_ID>
        <AD_Val_Rule_ID reference="id"/>
        <ColumnSpan>2</ColumnSpan>
        <DefaultValue/>
        <Description>If you tick this checkbox, the record (user, role, org) won't be taken in consideration for checking limit of concurrent sessions</Description>
        <DisplayLength>1</DisplayLength>
        <DisplayLogic/>
        <EntityType>TGI</EntityType>
        <Help/>
        <Included_Tab_ID reference="id"/>
        <IsActive>true</IsActive>
        <IsAdvancedField>true</IsAdvancedField>
        <IsAllowCopy/>
        <IsAlwaysUpdateable/>
        <IsCentrallyMaintained>true</IsCentrallyMaintained>
        <IsDefaultFocus>false</IsDefaultFocus>
        <IsDisplayed>true</IsDisplayed>
        <IsDisplayedGrid>true</IsDisplayedGrid>
        <IsEncrypted>false</IsEncrypted>
        <IsFieldOnly>false</IsFieldOnly>
        <IsHeading>false</IsHeading>
        <IsMandatory/>
        <IsQuickEntry>false</IsQuickEntry>
        <IsReadOnly>false</IsReadOnly>
        <IsSameLine>false</IsSameLine>
        <IsToolbarButton/>
        <IsUpdateable/>
        <MandatoryLogic/>
        <Name>Don't count me in concurrent sessions</Name>
        <NumLines>1</NumLines>
        <ObscureType/>
        <ReadOnlyLogic/>
        <SeqNo>80</SeqNo>
        <SeqNoGrid/>
        <SortNo/>
        <XPosition>2</XPosition>
        <AD_Field_Trl type="translation">
            <Description/>
            <Help/>
            <Name>Don't count me in concurrent sessions</Name>
            <AD_Language>es_ES</AD_Language>
            <IsActive>true</IsActive>
            <IsTranslated>false</IsTranslated>
        </AD_Field_Trl>
        <AD_Field_Trl type="translation">
            <Description/>
            <Help/>
            <Name>Don't count me in concurrent sessions</Name>
            <AD_Language>fr_FR</AD_Language>
            <IsActive>true</IsActive>
            <IsTranslated>false</IsTranslated>
        </AD_Field_Trl>
        <AD_Field_Trl type="translation">
            <Description/>
            <Help/>
            <Name>Don't count me in concurrent sessions</Name>
            <AD_Language>it_IT</AD_Language>
            <IsActive>true</IsActive>
            <IsTranslated>false</IsTranslated>
        </AD_Field_Trl>
    </AD_Field>
    <AD_Element type="table">
        <AD_Client_ID>0</AD_Client_ID>
        <AD_Org_ID>0</AD_Org_ID>
        <AD_Element_UU>0b38073d-3a73-492d-ba7e-7d81b2ea6a0a</AD_Element_UU>
        <ColumnName>dpbinvisibleinrole</ColumnName>
        <Description>Check if the user should be invisible to other users in this role.</Description>
        <EntityType>U</EntityType>
        <Help>If checked, other users of the same role can not see this user in the Broadcaster Dashboard Panel</Help>
        <IsActive>true</IsActive>
        <Name>Invisible in Role</Name>
        <PO_Description/>
        <PO_Help/>
        <PO_Name/>
        <PO_PrintName/>
        <PrintName trim="false">User is invisible in this Role</PrintName>
        <AD_Element_Trl type="translation">
            <Description>Check if the user should be invisible to other users in this role.</Description>
            <Help>If checked, other users of the same role can not see this user in the Broadcaster Dashboard Panel</Help>
            <Name>Invisible in Role</Name>
            <PO_Description/>
            <PO_Help/>
            <PO_Name/>
            <PO_PrintName/>
            <PrintName trim="false">User is invisible in this Role</PrintName>
            <AD_Language>es_ES</AD_Language>
            <IsActive>true</IsActive>
            <IsTranslated>false</IsTranslated>
        </AD_Element_Trl>
        <AD_Element_Trl type="translation">
            <Description>Check if the user should be invisible to other users in this role.</Description>
            <Help>If checked, other users of the same role can not see this user in the Broadcaster Dashboard Panel</Help>
            <Name>Invisible in Role</Name>
            <PO_Description/>
            <PO_Help/>
            <PO_Name/>
            <PO_PrintName/>
            <PrintName trim="false">User is invisible in this Role</PrintName>
            <AD_Language>fr_FR</AD_Language>
            <IsActive>true</IsActive>
            <IsTranslated>false</IsTranslated>
        </AD_Element_Trl>
        <AD_Element_Trl type="translation">
            <Description>Check if the user should be invisible to other users in this role.</Description>
            <Help>If checked, other users of the same role can not see this user in the Broadcaster Dashboard Panel</Help>
            <Name>Invisible in Role</Name>
            <PO_Description/>
            <PO_Help/>
            <PO_Name/>
            <PO_PrintName/>
            <PrintName trim="false">User is invisible in this Role</PrintName>
            <AD_Language>it_IT</AD_Language>
            <IsActive>true</IsActive>
            <IsTranslated>false</IsTranslated>
        </AD_Element_Trl>
    </AD_Element>
    <AD_Column type="table">
        <IsSyncDatabase>Y</IsSyncDatabase>
        <AD_Table_ID reference="id">157</AD_Table_ID>
        <AD_Reference_Value_ID reference="id"/>
        <AD_Client_ID>0</AD_Client_ID>
        <AD_Org_ID>0</AD_Org_ID>
        <AD_Chart_ID reference="id"/>
        <AD_Column_UU>4b041f3d-5be7-4a46-8d6a-272f72eda113</AD_Column_UU>
        <AD_Element_ID reference="uuid" reference-key="AD_Element">0b38073d-3a73-492d-ba7e-7d81b2ea6a0a</AD_Element_ID>
        <AD_Process_ID reference="id"/>
        <AD_Reference_ID reference="id">20</AD_Reference_ID>
        <AD_Val_Rule_ID reference="id"/>
        <Callout/>
        <ColumnName>dpbinvisibleinrole</ColumnName>
        <ColumnSQL/>
        <DefaultValue>'N'</DefaultValue>
        <Description>Check if the user should be invisible to other users in this role.</Description>
        <EntityType>U</EntityType>
        <FKConstraintName/>
        <FKConstraintType>N</FKConstraintType>
        <FieldLength>1</FieldLength>
        <FormatPattern/>
        <Help>If checked, other users of the same role can not see this user in the Broadcaster Dashboard Panel</Help>
        <IsActive>true</IsActive>
        <IsAllowCopy>true</IsAllowCopy>
        <IsAllowLogging>true</IsAllowLogging>
        <IsAlwaysUpdateable>false</IsAlwaysUpdateable>
        <IsAutocomplete>false</IsAutocomplete>
        <IsEncrypted>N</IsEncrypted>
        <IsIdentifier>false</IsIdentifier>
        <IsKey>false</IsKey>
        <IsMandatory>true</IsMandatory>
        <IsParent>false</IsParent>
        <IsSecure>false</IsSecure>
        <IsSelectionColumn>false</IsSelectionColumn>
        <IsToolbarButton>false</IsToolbarButton>
        <IsTranslated>false</IsTranslated>
        <IsUpdateable>true</IsUpdateable>
        <MandatoryLogic/>
        <Name>Invisible in Role</Name>
        <ReadOnlyLogic/>
        <SeqNo/>
        <SeqNoSelection/>
        <VFormat/>
        <ValueMax/>
        <ValueMin/>
        <Version>0</Version>
    </AD_Column>
    <AD_Field type="table">
        <AD_Client_ID>0</AD_Client_ID>
        <AD_Org_ID>0</AD_Org_ID>
        <AD_Column_ID reference="uuid" reference-key="AD_Column">4b041f3d-5be7-4a46-8d6a-272f72eda113</AD_Column_ID>
        <AD_FieldGroup_ID reference="id"/>
        <AD_Field_UU>6ebf6f30-b7fc-4309-b944-c7be52e5893c</AD_Field_UU>
        <AD_Reference_ID reference="id"/>
        <AD_Reference_Value_ID reference="id"/>
        <AD_Tab_ID reference="id">121</AD_Tab_ID>
        <AD_Val_Rule_ID reference="id"/>
        <ColumnSpan>2</ColumnSpan>
        <DefaultValue/>
        <Description>Check if the user should be invisible to other users in this role.</Description>
        <DisplayLength>1</DisplayLength>
        <DisplayLogic/>
        <EntityType>U</EntityType>
        <Help>If checked, other users of the same role can not see this user in the Broadcaster Dashboard Panel</Help>
        <Included_Tab_ID reference="id"/>
        <IsActive>true</IsActive>
        <IsAdvancedField>false</IsAdvancedField>
        <IsAllowCopy/>
        <IsAlwaysUpdateable/>
        <IsCentrallyMaintained>true</IsCentrallyMaintained>
        <IsDefaultFocus>false</IsDefaultFocus>
        <IsDisplayed>true</IsDisplayed>
        <IsDisplayedGrid>true</IsDisplayedGrid>
        <IsEncrypted>false</IsEncrypted>
        <IsFieldOnly>false</IsFieldOnly>
        <IsHeading>false</IsHeading>
        <IsMandatory/>
        <IsQuickEntry>false</IsQuickEntry>
        <IsReadOnly>false</IsReadOnly>
        <IsSameLine>false</IsSameLine>
        <IsToolbarButton/>
        <IsUpdateable/>
        <MandatoryLogic/>
        <Name>Invisible in Role</Name>
        <NumLines>1</NumLines>
        <ObscureType/>
        <ReadOnlyLogic/>
        <SeqNo>60</SeqNo>
        <SeqNoGrid>60</SeqNoGrid>
        <SortNo/>
        <XPosition>5</XPosition>
        <AD_Field_Trl type="translation">
            <Description>Check if the user should be invisible to other users in this role.</Description>
            <Help>If checked, other users of the same role can not see this user in the Broadcaster Dashboard Panel</Help>
            <Name>Invisible in Role</Name>
            <AD_Language>es_ES</AD_Language>
            <IsActive>true</IsActive>
            <IsTranslated>false</IsTranslated>
        </AD_Field_Trl>
        <AD_Field_Trl type="translation">
            <Description>Check if the user should be invisible to other users in this role.</Description>
            <Help>If checked, other users of the same role can not see this user in the Broadcaster Dashboard Panel</Help>
            <Name>Invisible in Role</Name>
            <AD_Language>fr_FR</AD_Language>
            <IsActive>true</IsActive>
            <IsTranslated>false</IsTranslated>
        </AD_Field_Trl>
        <AD_Field_Trl type="translation">
            <Description>Check if the user should be invisible to other users in this role.</Description>
            <Help>If checked, other users of the same role can not see this user in the Broadcaster Dashboard Panel</Help>
            <Name>Invisible in Role</Name>
            <AD_Language>it_IT</AD_Language>
            <IsActive>true</IsActive>
            <IsTranslated>false</IsTranslated>
        </AD_Field_Trl>
    </AD_Field>
    <AD_Column type="table">
        <IsSyncDatabase>Y</IsSyncDatabase>
        <AD_Table_ID reference="id">114</AD_Table_ID>
        <AD_Reference_Value_ID reference="id"/>
        <AD_Client_ID>0</AD_Client_ID>
        <AD_Org_ID>0</AD_Org_ID>
        <AD_Chart_ID reference="id"/>
        <AD_Column_UU>ef93b9a2-b17a-4fdb-bede-8d84bb2543dc</AD_Column_UU>
        <AD_Element_ID reference="uuid" reference-key="AD_Element">a1505ed6-ad74-47ef-8ffd-5115239b2206</AD_Element_ID>
        <AD_Process_ID reference="id"/>
        <AD_Reference_ID reference="id">20</AD_Reference_ID>
        <AD_Val_Rule_ID reference="id"/>
        <Callout/>
        <ColumnName>IsDontCountMeInConcurrSessions</ColumnName>
        <ColumnSQL/>
        <DefaultValue>Y</DefaultValue>
        <Description>If you tick this checkbox, the record (user, role, org) won't be taken in consideration for checking limit of concurrent sessions</Description>
        <EntityType>TGI</EntityType>
        <FKConstraintName/>
        <FKConstraintType>N</FKConstraintType>
        <FieldLength>1</FieldLength>
        <FormatPattern/>
        <Help/>
        <IsActive>true</IsActive>
        <IsAllowCopy>true</IsAllowCopy>
        <IsAllowLogging>true</IsAllowLogging>
        <IsAlwaysUpdateable>false</IsAlwaysUpdateable>
        <IsAutocomplete>false</IsAutocomplete>
        <IsEncrypted>N</IsEncrypted>
        <IsIdentifier>false</IsIdentifier>
        <IsKey>false</IsKey>
        <IsMandatory>true</IsMandatory>
        <IsParent>false</IsParent>
        <IsSecure>false</IsSecure>
        <IsSelectionColumn>false</IsSelectionColumn>
        <IsToolbarButton>false</IsToolbarButton>
        <IsTranslated>false</IsTranslated>
        <IsUpdateable>true</IsUpdateable>
        <MandatoryLogic/>
        <Name>Don't count me in concurrent sessions</Name>
        <ReadOnlyLogic/>
        <SeqNo>0</SeqNo>
        <SeqNoSelection>0</SeqNoSelection>
        <VFormat/>
        <ValueMax/>
        <ValueMin/>
        <Version>0</Version>
    </AD_Column>
    <AD_Field type="table">
        <AD_Client_ID>0</AD_Client_ID>
        <AD_Org_ID>0</AD_Org_ID>
        <AD_Column_ID reference="uuid" reference-key="AD_Column">ef93b9a2-b17a-4fdb-bede-8d84bb2543dc</AD_Column_ID>
        <AD_FieldGroup_ID reference="id"/>
        <AD_Field_UU>a2ddbf4d-8d4c-4754-b446-9dd2356aab03</AD_Field_UU>
        <AD_Reference_ID reference="id"/>
        <AD_Reference_Value_ID reference="id"/>
        <AD_Tab_ID reference="id">118</AD_Tab_ID>
        <AD_Val_Rule_ID reference="id"/>
        <ColumnSpan>2</ColumnSpan>
        <DefaultValue/>
        <Description>If you tick this checkbox, the record (user, role, org) won't be taken in consideration for checking limit of concurrent sessions</Description>
        <DisplayLength>1</DisplayLength>
        <DisplayLogic/>
        <EntityType>TGI</EntityType>
        <Help/>
        <Included_Tab_ID reference="id"/>
        <IsActive>true</IsActive>
        <IsAdvancedField>true</IsAdvancedField>
        <IsAllowCopy/>
        <IsAlwaysUpdateable/>
        <IsCentrallyMaintained>true</IsCentrallyMaintained>
        <IsDefaultFocus>false</IsDefaultFocus>
        <IsDisplayed>true</IsDisplayed>
        <IsDisplayedGrid>true</IsDisplayedGrid>
        <IsEncrypted>false</IsEncrypted>
        <IsFieldOnly>false</IsFieldOnly>
        <IsHeading>false</IsHeading>
        <IsMandatory/>
        <IsQuickEntry>false</IsQuickEntry>
        <IsReadOnly>false</IsReadOnly>
        <IsSameLine>true</IsSameLine>
        <IsToolbarButton/>
        <IsUpdateable/>
        <MandatoryLogic/>
        <Name>Don't count me in concurrent sessions</Name>
        <NumLines>1</NumLines>
        <ObscureType/>
        <ReadOnlyLogic/>
        <SeqNo>270</SeqNo>
        <SeqNoGrid/>
        <SortNo/>
        <XPosition>4</XPosition>
        <AD_Field_Trl type="translation">
            <Description/>
            <Help/>
            <Name>Don't count me in concurrent sessions</Name>
            <AD_Language>es_ES</AD_Language>
            <IsActive>true</IsActive>
            <IsTranslated>false</IsTranslated>
        </AD_Field_Trl>
        <AD_Field_Trl type="translation">
            <Description/>
            <Help/>
            <Name>Don't count me in concurrent sessions</Name>
            <AD_Language>fr_FR</AD_Language>
            <IsActive>true</IsActive>
            <IsTranslated>false</IsTranslated>
        </AD_Field_Trl>
        <AD_Field_Trl type="translation">
            <Description/>
            <Help/>
            <Name>Don't count me in concurrent sessions</Name>
            <AD_Language>it_IT</AD_Language>
            <IsActive>true</IsActive>
            <IsTranslated>false</IsTranslated>
        </AD_Field_Trl>
    </AD_Field>
    <AD_Column type="table">
        <IsSyncDatabase>Y</IsSyncDatabase>
        <AD_Table_ID reference="id">156</AD_Table_ID>
        <AD_Reference_Value_ID reference="id"/>
        <AD_Client_ID>0</AD_Client_ID>
        <AD_Org_ID>0</AD_Org_ID>
        <AD_Chart_ID reference="id"/>
        <AD_Column_UU>6c993cb0-f09c-4bd1-bd61-6c9fefcd8847</AD_Column_UU>
        <AD_Element_ID reference="uuid" reference-key="AD_Element">a1505ed6-ad74-47ef-8ffd-5115239b2206</AD_Element_ID>
        <AD_Process_ID reference="id"/>
        <AD_Reference_ID reference="id">20</AD_Reference_ID>
        <AD_Val_Rule_ID reference="id"/>
        <Callout/>
        <ColumnName>IsDontCountMeInConcurrSessions</ColumnName>
        <ColumnSQL/>
        <DefaultValue>Y</DefaultValue>
        <Description>If you tick this checkbox, the record (user, role, org) won't be taken in consideration for checking limit of concurrent sessions</Description>
        <EntityType>TGI</EntityType>
        <FKConstraintName/>
        <FKConstraintType>N</FKConstraintType>
        <FieldLength>1</FieldLength>
        <FormatPattern/>
        <Help/>
        <IsActive>true</IsActive>
        <IsAllowCopy>true</IsAllowCopy>
        <IsAllowLogging>true</IsAllowLogging>
        <IsAlwaysUpdateable>false</IsAlwaysUpdateable>
        <IsAutocomplete>false</IsAutocomplete>
        <IsEncrypted>N</IsEncrypted>
        <IsIdentifier>false</IsIdentifier>
        <IsKey>false</IsKey>
        <IsMandatory>true</IsMandatory>
        <IsParent>false</IsParent>
        <IsSecure>false</IsSecure>
        <IsSelectionColumn>false</IsSelectionColumn>
        <IsToolbarButton>false</IsToolbarButton>
        <IsTranslated>false</IsTranslated>
        <IsUpdateable>true</IsUpdateable>
        <MandatoryLogic/>
        <Name>Don't count me in concurrent sessions</Name>
        <ReadOnlyLogic/>
        <SeqNo>0</SeqNo>
        <SeqNoSelection>0</SeqNoSelection>
        <VFormat/>
        <ValueMax/>
        <ValueMin/>
        <Version>0</Version>
    </AD_Column>
    <AD_Field type="table">
        <AD_Client_ID>0</AD_Client_ID>
        <AD_Org_ID>0</AD_Org_ID>
        <AD_Column_ID reference="uuid" reference-key="AD_Column">6c993cb0-f09c-4bd1-bd61-6c9fefcd8847</AD_Column_ID>
        <AD_FieldGroup_ID reference="id"/>
        <AD_Field_UU>589ec51b-15e8-478a-822b-e265aa863983</AD_Field_UU>
        <AD_Reference_ID reference="id"/>
        <AD_Reference_Value_ID reference="id"/>
        <AD_Tab_ID reference="id">119</AD_Tab_ID>
        <AD_Val_Rule_ID reference="id"/>
        <ColumnSpan>2</ColumnSpan>
        <DefaultValue/>
        <Description>If you tick this checkbox, the record (user, role, org) won't be taken in consideration for checking limit of concurrent sessions</Description>
        <DisplayLength>1</DisplayLength>
        <DisplayLogic/>
        <EntityType>TGI</EntityType>
        <Help/>
        <Included_Tab_ID reference="id"/>
        <IsActive>true</IsActive>
        <IsAdvancedField>true</IsAdvancedField>
        <IsAllowCopy/>
        <IsAlwaysUpdateable/>
        <IsCentrallyMaintained>true</IsCentrallyMaintained>
        <IsDefaultFocus>false</IsDefaultFocus>
        <IsDisplayed>true</IsDisplayed>
        <IsDisplayedGrid>true</IsDisplayedGrid>
        <IsEncrypted>false</IsEncrypted>
        <IsFieldOnly>false</IsFieldOnly>
        <IsHeading>false</IsHeading>
        <IsMandatory/>
        <IsQuickEntry>false</IsQuickEntry>
        <IsReadOnly>false</IsReadOnly>
        <IsSameLine>false</IsSameLine>
        <IsToolbarButton/>
        <IsUpdateable/>
        <MandatoryLogic/>
        <Name>Don't count me in concurrent sessions</Name>
        <NumLines>1</NumLines>
        <ObscureType/>
        <ReadOnlyLogic/>
        <SeqNo>90</SeqNo>
        <SeqNoGrid>470</SeqNoGrid>
        <SortNo/>
        <XPosition>5</XPosition>
        <AD_Field_Trl type="translation">
            <Description/>
            <Help/>
            <Name>Don't count me in concurrent sessions</Name>
            <AD_Language>es_ES</AD_Language>
            <IsActive>true</IsActive>
            <IsTranslated>false</IsTranslated>
        </AD_Field_Trl>
        <AD_Field_Trl type="translation">
            <Description/>
            <Help/>
            <Name>Don't count me in concurrent sessions</Name>
            <AD_Language>fr_FR</AD_Language>
            <IsActive>true</IsActive>
            <IsTranslated>false</IsTranslated>
        </AD_Field_Trl>
        <AD_Field_Trl type="translation">
            <Description/>
            <Help/>
            <Name>Don't count me in concurrent sessions</Name>
            <AD_Language>it_IT</AD_Language>
            <IsActive>true</IsActive>
            <IsTranslated>false</IsTranslated>
        </AD_Field_Trl>
    </AD_Field>
    <AD_Field type="table">
        <AD_Client_ID>0</AD_Client_ID>
        <AD_Org_ID>0</AD_Org_ID>
        <AD_Column_ID reference="uuid" reference-key="AD_Column">9429e973-ad39-411a-8094-db728bcc3664</AD_Column_ID>
        <AD_FieldGroup_ID reference="id"/>
        <AD_Field_UU>f82ab4df-6f84-49e3-8dc5-37729685e262</AD_Field_UU>
        <AD_Reference_ID reference="id"/>
        <AD_Reference_Value_ID reference="id"/>
        <AD_Tab_ID reference="id">119</AD_Tab_ID>
        <AD_Val_Rule_ID reference="id"/>
        <ColumnSpan>2</ColumnSpan>
        <DefaultValue/>
        <Description>This role is enabled for mobile access</Description>
        <DisplayLength>1</DisplayLength>
        <DisplayLogic/>
        <EntityType>U</EntityType>
        <Help/>
        <Included_Tab_ID reference="id"/>
        <IsActive>true</IsActive>
        <IsAdvancedField>false</IsAdvancedField>
        <IsAllowCopy/>
        <IsAlwaysUpdateable/>
        <IsCentrallyMaintained>true</IsCentrallyMaintained>
        <IsDefaultFocus>false</IsDefaultFocus>
        <IsDisplayed>true</IsDisplayed>
        <IsDisplayedGrid>true</IsDisplayedGrid>
        <IsEncrypted>false</IsEncrypted>
        <IsFieldOnly>false</IsFieldOnly>
        <IsHeading>false</IsHeading>
        <IsMandatory/>
        <IsQuickEntry>false</IsQuickEntry>
        <IsReadOnly>false</IsReadOnly>
        <IsSameLine>false</IsSameLine>
        <IsToolbarButton/>
        <IsUpdateable/>
        <MandatoryLogic/>
        <Name>Enabled for mobile access</Name>
        <NumLines>1</NumLines>
        <ObscureType/>
        <ReadOnlyLogic/>
        <SeqNo>110</SeqNo>
        <SeqNoGrid>460</SeqNoGrid>
        <SortNo/>
        <XPosition>2</XPosition>
        <AD_Field_Trl type="translation">
            <Description>This role is enabled for mobile access</Description>
            <Help/>
            <Name>Enabled for mobile access</Name>
            <AD_Language>es_ES</AD_Language>
            <IsActive>true</IsActive>
            <IsTranslated>false</IsTranslated>
        </AD_Field_Trl>
        <AD_Field_Trl type="translation">
            <Description>Rôle sélectionnable pour l'accès en version mobile</Description>
            <Help/>
            <Name>Utilisable pour l'accès mobile</Name>
            <AD_Language>fr_FR</AD_Language>
            <IsActive>true</IsActive>
            <IsTranslated>true</IsTranslated>
        </AD_Field_Trl>
        <AD_Field_Trl type="translation">
            <Description>This role is enabled for mobile access</Description>
            <Help/>
            <Name>Enabled for mobile access</Name>
            <AD_Language>it_IT</AD_Language>
            <IsActive>true</IsActive>
            <IsTranslated>false</IsTranslated>
        </AD_Field_Trl>
    </AD_Field>
    <AD_Field type="table">
        <AD_Client_ID>0</AD_Client_ID>
        <AD_Org_ID>0</AD_Org_ID>
        <AD_Column_ID reference="uuid" reference-key="AD_Column">4b041f3d-5be7-4a46-8d6a-272f72eda113</AD_Column_ID>
        <AD_FieldGroup_ID reference="id"/>
        <AD_Field_UU>6e588063-e05a-45ca-a7f2-9f69382f1341</AD_Field_UU>
        <AD_Reference_ID reference="id"/>
        <AD_Reference_Value_ID reference="id"/>
        <AD_Tab_ID reference="id">120</AD_Tab_ID>
        <AD_Val_Rule_ID reference="id"/>
        <ColumnSpan>2</ColumnSpan>
        <DefaultValue/>
        <Description>Check if the user should be invisible to other users in this role.</Description>
        <DisplayLength>1</DisplayLength>
        <DisplayLogic/>
        <EntityType>U</EntityType>
        <Help>If checked, other users of the same role can not see this user in the Broadcaster Dashboard Panel</Help>
        <Included_Tab_ID reference="id"/>
        <IsActive>true</IsActive>
        <IsAdvancedField>false</IsAdvancedField>
        <IsAllowCopy/>
        <IsAlwaysUpdateable/>
        <IsCentrallyMaintained>true</IsCentrallyMaintained>
        <IsDefaultFocus>false</IsDefaultFocus>
        <IsDisplayed>true</IsDisplayed>
        <IsDisplayedGrid>true</IsDisplayedGrid>
        <IsEncrypted>false</IsEncrypted>
        <IsFieldOnly>false</IsFieldOnly>
        <IsHeading>false</IsHeading>
        <IsMandatory/>
        <IsQuickEntry>false</IsQuickEntry>
        <IsReadOnly>false</IsReadOnly>
        <IsSameLine>false</IsSameLine>
        <IsToolbarButton/>
        <IsUpdateable/>
        <MandatoryLogic/>
        <Name>Invisible in Role</Name>
        <NumLines>1</NumLines>
        <ObscureType/>
        <ReadOnlyLogic/>
        <SeqNo>60</SeqNo>
        <SeqNoGrid>60</SeqNoGrid>
        <SortNo/>
        <XPosition>5</XPosition>
        <AD_Field_Trl type="translation">
            <Description>Check if the user should be invisible to other users in this role.</Description>
            <Help>If checked, other users of the same role can not see this user in the Broadcaster Dashboard Panel</Help>
            <Name>Invisible in Role</Name>
            <AD_Language>es_ES</AD_Language>
            <IsActive>true</IsActive>
            <IsTranslated>false</IsTranslated>
        </AD_Field_Trl>
        <AD_Field_Trl type="translation">
            <Description>Check if the user should be invisible to other users in this role.</Description>
            <Help>If checked, other users of the same role can not see this user in the Broadcaster Dashboard Panel</Help>
            <Name>Invisible in Role</Name>
            <AD_Language>fr_FR</AD_Language>
            <IsActive>true</IsActive>
            <IsTranslated>false</IsTranslated>
        </AD_Field_Trl>
        <AD_Field_Trl type="translation">
            <Description>Check if the user should be invisible to other users in this role.</Description>
            <Help>If checked, other users of the same role can not see this user in the Broadcaster Dashboard Panel</Help>
            <Name>Invisible in Role</Name>
            <AD_Language>it_IT</AD_Language>
            <IsActive>true</IsActive>
            <IsTranslated>false</IsTranslated>
        </AD_Field_Trl>
    </AD_Field>
    <AD_Message type="table">
        <AD_Client_ID>0</AD_Client_ID>
        <AD_Org_ID>0</AD_Org_ID>
        <AD_Message_UU>d51782e2-7c6b-4c33-9181-e1022f97e49f</AD_Message_UU>
        <EntityType>TGI</EntityType>
        <IsActive>true</IsActive>
        <MsgText>You can't log because too much users are already logged in !</MsgText>
        <MsgTip/>
        <MsgType>I</MsgType>
        <Value>Concurrent Sessions Limit Exceeded</Value>
        <AD_Message_Trl type="translation">
            <MsgText>You can't log because too much users are already logged in !</MsgText>
            <MsgTip/>
            <AD_Language>es_ES</AD_Language>
            <IsActive>true</IsActive>
            <IsTranslated>false</IsTranslated>
        </AD_Message_Trl>
        <AD_Message_Trl type="translation">
            <MsgText>You can't log because too much users are already logged in !</MsgText>
            <MsgTip/>
            <AD_Language>fr_FR</AD_Language>
            <IsActive>true</IsActive>
            <IsTranslated>false</IsTranslated>
        </AD_Message_Trl>
        <AD_Message_Trl type="translation">
            <MsgText>You can't log because too much users are already logged in !</MsgText>
            <MsgTip/>
            <AD_Language>it_IT</AD_Language>
            <IsActive>true</IsActive>
            <IsTranslated>false</IsTranslated>
        </AD_Message_Trl>
    </AD_Message>
</idempiere>
