<?xml version="1.0" encoding="UTF-8"?>
<?xml-stylesheet type="text/css" href="idempiereDocument.css"?>

<idempiereDocument>
    <header>org.tgi.limit-concurrent-session Package Description</header>
    <H1>Package Name:</H1>
    <packagename>org.tgi.limit-concurrent-session</packagename>
    <H1>Author:</H1>
    <Name:/>
    <H1>Email Address:</H1>
    <Email>nmicoud@tgi.fr</Email>
    <H1>Created:</H1>
    <Date>2014-04-11 09:07:03.0</Date>
    <H1>Updated:</H1>
    <Date>2014-04-11 09:07:30.0</Date>
    <H1>Description:</H1>
    <description>What is added :
 - AD_Client.IsLimitConcurrentSessions : to activate the functionnality
 - AD_Client.MaxConcurrentSessions : maximum sessions for the current client
 - AD_Client.ConcurrentSessionsMsg_ID : message displayed when user can't login
 - AD_User, AD_Role, AD_Org : IsDontCountMeInConcurrSessions : allow to set the record to be not taken in consideration for checking limit of concurrent sessions
 
How does it works ?
After the user is logged, the plugin checks if the maximum number of session is reached (using IEventTopics.AFTER_LOGIN).
If yes, a message is displayed and the user returns to the login page.</description>
    <H1>Instructions:</H1>
    <instructions/>
    <H1>Files in Package:</H1>
    <file>File: PackOut.xml</file>
    <filedirectory>Directory: \dict\</filedirectory>
    <filenotes>Notes: Contains all application/object settings for package</filenotes>
    <H1>Client:</H1>
    <Client>0-SYSTEM-System</Client>
</idempiereDocument>
